algorithm,image,expected,predicted,confidence
cnn:nailong_naiwa_balanced_cnn.pt,nailong_naiwa_splits\test\nailong\021697702C6C435DB551A735B36A02ED_17.jpg,nailong,nailong,0.8124001026153564
cnn:nailong_naiwa_balanced_cnn.pt,nailong_naiwa_splits\test\nailong\021697702C6C435DB551A735B36A02ED_7.jpg,nailong,nailong,0.8126497864723206
cnn:nailong_naiwa_balanced_cnn.pt,nailong_naiwa_splits\test\nailong\1DE97ED1CB84FD526B39E8E7CF218E4A_frame_2.jpg,nailong,nailong,0.8852171301841736
cnn:nailong_naiwa_balanced_cnn.pt,nailong_naiwa_splits\test\nailong\2C198DEA57594815C05C1BD61D255EA5_frame_11.jpg,nailong,nailong,0.9237005710601807
cnn:nailong_naiwa_balanced_cnn.pt,nailong_naiwa_splits\test\nailong\395ecf964c7fd616acd938ef629ebb7570bf9a9b.png,nailong,naiwa,0.7343304753303528
cnn:nailong_naiwa_balanced_cnn.pt,nailong_naiwa_splits\test\nailong\4C831D44218F6E50EE3D5283B1E1EB77.jpg,nailong,nailong,0.8089739084243774
cnn:nailong_naiwa_balanced_cnn.pt,nailong_naiwa_splits\test\nailong\4C831D44218F6E50EE3D5283B1E1EB77_frame_15.jpg,nailong,nailong,0.8068413734436035
cnn:nailong_naiwa_balanced_cnn.pt,nailong_naiwa_splits\test\nailong\7316354D221D4FD835FBF2A2570E3469_frame_11.jpg,nailong,nailong,0.603298008441925
cnn:nailong_naiwa_balanced_cnn.pt,nailong_naiwa_splits\test\nailong\7316354D221D4FD835FBF2A2570E3469_frame_21.jpg,nailong,nailong,0.6336186528205872
cnn:nailong_naiwa_balanced_cnn.pt,nailong_naiwa_splits\test\nailong\7316354D221D4FD835FBF2A2570E3469_frame_3.jpg,nailong,nailong,0.6094310879707336
cnn:nailong_naiwa_balanced_cnn.pt,nailong_naiwa_splits\test\nailong\7AAD4A20E4C9F13F1CE61FE9E455488A_13.jpg,nailong,nailong,0.6619457006454468
cnn:nailong_naiwa_balanced_cnn.pt,nailong_naiwa_splits\test\nailong\9438E20ACFD874A710AAFD2290A8C721_frame_20.jpg,nailong,nailong,0.8086115121841431
cnn:nailong_naiwa_balanced_cnn.pt,nailong_naiwa_splits\test\nailong\9438E20ACFD874A710AAFD2290A8C721_frame_3.jpg,nailong,nailong,0.9838400483131409
cnn:nailong_naiwa_balanced_cnn.pt,nailong_naiwa_splits\test\nailong\A0D428F59C9896CA5D7D498842160724_1.jpg,nailong,nailong,0.752106249332428
cnn:nailong_naiwa_balanced_cnn.pt,nailong_naiwa_splits\test\nailong\A0D428F59C9896CA5D7D498842160724_29.jpg,nailong,nailong,0.940355122089386
cnn:nailong_naiwa_balanced_cnn.pt,nailong_naiwa_splits\test\nailong\A0D428F59C9896CA5D7D498842160724_3.jpg,nailong,nailong,0.7729151844978333
cnn:nailong_naiwa_balanced_cnn.pt,nailong_naiwa_splits\test\nailong\C3557AE3A1FF7B1AB4890B182C6AFAF0_frame_6.jpg,nailong,nailong,0.5100852847099304
cnn:nailong_naiwa_balanced_cnn.pt,nailong_naiwa_splits\test\nailong\OIP (2).jpg,nailong,nailong,0.9253637790679932
cnn:nailong_naiwa_balanced_cnn.pt,nailong_naiwa_splits\test\nailong\OIP (4).jpg,nailong,nailong,0.8584426641464233
cnn:nailong_naiwa_balanced_cnn.pt,nailong_naiwa_splits\test\nailong\关于奶龙小七来到废土遇到女神这件事_腾讯视频_75.jpg,nailong,naiwa,0.514927327632904
cnn:nailong_naiwa_balanced_cnn.pt,nailong_naiwa_splits\test\naiwa\625e2cd7f56c3f5e991d0bed77ceb8d9bd5f659f.jpg,naiwa,nailong,0.9782541990280151
cnn:nailong_naiwa_balanced_cnn.pt,nailong_naiwa_splits\test\naiwa\naiwa_from_nailong_zip_001.jpg,naiwa,naiwa,0.826994776725769
cnn:nailong_naiwa_balanced_cnn.pt,nailong_naiwa_splits\test\naiwa\naiwa_from_nailong_zip_007.jpg,naiwa,naiwa,0.8085223436355591
cnn:nailong_naiwa_balanced_cnn.pt,nailong_naiwa_splits\test\naiwa\naiwa_from_nailong_zip_008.jpg,naiwa,naiwa,0.9444764852523804
cnn:nailong_naiwa_balanced_cnn.pt,nailong_naiwa_splits\test\naiwa\naiwa_from_nailong_zip_017.jpg,naiwa,naiwa,0.6623817682266235
cnn:nailong_naiwa_balanced_cnn.pt,nailong_naiwa_splits\test\naiwa\naiwa_from_nailong_zip_020.jpg,naiwa,naiwa,0.9524306058883667
cnn:nailong_naiwa_balanced_cnn.pt,nailong_naiwa_splits\test\naiwa\微信图片_20260616155716_109_26.jpg,naiwa,naiwa,0.9300163388252258
cnn:nailong_naiwa_balanced_cnn.pt,nailong_naiwa_splits\test\naiwa\微信图片_20260616155718_111_26.jpg,naiwa,naiwa,0.8078044056892395
cnn:nailong_naiwa_balanced_cnn.pt,nailong_naiwa_splits\test\naiwa\微信图片_20260616155722_115_26.jpg,naiwa,nailong,0.7777486443519592
cnn:nailong_naiwa_balanced_cnn.pt,nailong_naiwa_splits\test\naiwa\微信图片_20260616155725_117_26.jpg,naiwa,naiwa,0.5990872383117676
cnn:nailong_naiwa_balanced_cnn.pt,nailong_naiwa_splits\test\naiwa\微信图片_20260616160308_130_26.jpg,naiwa,naiwa,0.6469725966453552
cnn:nailong_naiwa_balanced_cnn.pt,nailong_naiwa_splits\test\naiwa\微信图片_20260616160312_133_26.jpg,naiwa,naiwa,0.5363045930862427
cnn:nailong_naiwa_balanced_cnn.pt,nailong_naiwa_splits\test\naiwa\微信图片_20260616160322_140_26.jpg,naiwa,naiwa,0.9212963581085205
cnn:nailong_naiwa_balanced_cnn.pt,nailong_naiwa_splits\test\naiwa\微信图片_20260616160331_148_26.jpg,naiwa,naiwa,0.7478883862495422
cnn:nailong_naiwa_balanced_cnn.pt,nailong_naiwa_splits\test\naiwa\微信图片_20260616160332_150_26.jpg,naiwa,naiwa,0.7508065104484558
cnn:nailong_naiwa_balanced_cnn.pt,nailong_naiwa_splits\test\naiwa\微信图片_20260616160333_151_26.jpg,naiwa,naiwa,0.8131846785545349
cnn:nailong_naiwa_balanced_cnn.pt,nailong_naiwa_splits\test\naiwa\微信图片_20260616160852_160_26.jpg,naiwa,naiwa,0.8336763978004456
cnn:nailong_naiwa_balanced_cnn.pt,nailong_naiwa_splits\test\naiwa\微信图片_20260616160853_161_26.jpg,naiwa,naiwa,0.5363045930862427
cnn:nailong_naiwa_balanced_cnn.pt,nailong_naiwa_splits\test\naiwa\微信图片_20260616160854_162_26.jpg,naiwa,naiwa,0.9212963581085205
cnn:nailong_naiwa_balanced_cnn.pt,nailong_naiwa_splits\test\naiwa\微信图片_20260616160859_167_26.jpg,naiwa,naiwa,0.8632562756538391
cnn:nailong_naiwa_balanced_cnn.pt,nailong_naiwa_splits\test\naiwa\微信图片_20260616160859_168_26.jpg,naiwa,naiwa,0.9321370720863342
thumbnail_knn,nailong_naiwa_splits\test\nailong\021697702C6C435DB551A735B36A02ED_17.jpg,nailong,nailong,1.0
thumbnail_knn,nailong_naiwa_splits\test\nailong\021697702C6C435DB551A735B36A02ED_7.jpg,nailong,nailong,1.0
thumbnail_knn,nailong_naiwa_splits\test\nailong\1DE97ED1CB84FD526B39E8E7CF218E4A_frame_2.jpg,nailong,nailong,1.0
thumbnail_knn,nailong_naiwa_splits\test\nailong\2C198DEA57594815C05C1BD61D255EA5_frame_11.jpg,nailong,nailong,0.5988455493135199
thumbnail_knn,nailong_naiwa_splits\test\nailong\395ecf964c7fd616acd938ef629ebb7570bf9a9b.png,nailong,naiwa,1.0
thumbnail_knn,nailong_naiwa_splits\test\nailong\4C831D44218F6E50EE3D5283B1E1EB77.jpg,nailong,nailong,1.0
thumbnail_knn,nailong_naiwa_splits\test\nailong\4C831D44218F6E50EE3D5283B1E1EB77_frame_15.jpg,nailong,nailong,1.0
thumbnail_knn,nailong_naiwa_splits\test\nailong\7316354D221D4FD835FBF2A2570E3469_frame_11.jpg,nailong,nailong,0.6145532544592333
thumbnail_knn,nailong_naiwa_splits\test\nailong\7316354D221D4FD835FBF2A2570E3469_frame_21.jpg,nailong,nailong,0.5216541950721428
thumbnail_knn,nailong_naiwa_splits\test\nailong\7316354D221D4FD835FBF2A2570E3469_frame_3.jpg,nailong,nailong,0.6167364540425059
thumbnail_knn,nailong_naiwa_splits\test\nailong\7AAD4A20E4C9F13F1CE61FE9E455488A_13.jpg,nailong,naiwa,0.5844707366792495
thumbnail_knn,nailong_naiwa_splits\test\nailong\9438E20ACFD874A710AAFD2290A8C721_frame_20.jpg,nailong,nailong,0.625449671072427
thumbnail_knn,nailong_naiwa_splits\test\nailong\9438E20ACFD874A710AAFD2290A8C721_frame_3.jpg,nailong,nailong,0.6163167692048336
thumbnail_knn,nailong_naiwa_splits\test\nailong\A0D428F59C9896CA5D7D498842160724_1.jpg,nailong,nailong,0.6666974908863872
thumbnail_knn,nailong_naiwa_splits\test\nailong\A0D428F59C9896CA5D7D498842160724_29.jpg,nailong,nailong,0.9340734260050575
thumbnail_knn,nailong_naiwa_splits\test\nailong\A0D428F59C9896CA5D7D498842160724_3.jpg,nailong,nailong,1.0
thumbnail_knn,nailong_naiwa_splits\test\nailong\C3557AE3A1FF7B1AB4890B182C6AFAF0_frame_6.jpg,nailong,nailong,0.5816769848748392
thumbnail_knn,nailong_naiwa_splits\test\nailong\OIP (2).jpg,nailong,nailong,0.6066156797387537
thumbnail_knn,nailong_naiwa_splits\test\nailong\OIP (4).jpg,nailong,nailong,0.8524805729229932
thumbnail_knn,nailong_naiwa_splits\test\nailong\关于奶龙小七来到废土遇到女神这件事_腾讯视频_75.jpg,nailong,naiwa,0.7174728849018464
thumbnail_knn,nailong_naiwa_splits\test\naiwa\625e2cd7f56c3f5e991d0bed77ceb8d9bd5f659f.jpg,naiwa,nailong,1.0
thumbnail_knn,nailong_naiwa_splits\test\naiwa\naiwa_from_nailong_zip_001.jpg,naiwa,naiwa,0.6009835304239933
thumbnail_knn,nailong_naiwa_splits\test\naiwa\naiwa_from_nailong_zip_007.jpg,naiwa,naiwa,0.8873140261407577
thumbnail_knn,nailong_naiwa_splits\test\naiwa\naiwa_from_nailong_zip_008.jpg,naiwa,naiwa,0.7033663441785869
thumbnail_knn,nailong_naiwa_splits\test\naiwa\naiwa_from_nailong_zip_017.jpg,naiwa,nailong,0.5662345177418988
thumbnail_knn,nailong_naiwa_splits\test\naiwa\naiwa_from_nailong_zip_020.jpg,naiwa,naiwa,0.967813406588092
thumbnail_knn,nailong_naiwa_splits\test\naiwa\微信图片_20260616155716_109_26.jpg,naiwa,naiwa,1.0
thumbnail_knn,nailong_naiwa_splits\test\naiwa\微信图片_20260616155718_111_26.jpg,naiwa,naiwa,1.0
thumbnail_knn,nailong_naiwa_splits\test\naiwa\微信图片_20260616155722_115_26.jpg,naiwa,naiwa,0.5871976049886142
thumbnail_knn,nailong_naiwa_splits\test\naiwa\微信图片_20260616155725_117_26.jpg,naiwa,naiwa,0.7132457521066482
thumbnail_knn,nailong_naiwa_splits\test\naiwa\微信图片_20260616160308_130_26.jpg,naiwa,naiwa,1.0
thumbnail_knn,nailong_naiwa_splits\test\naiwa\微信图片_20260616160312_133_26.jpg,naiwa,naiwa,0.8610744058420605
thumbnail_knn,nailong_naiwa_splits\test\naiwa\微信图片_20260616160322_140_26.jpg,naiwa,naiwa,1.0
thumbnail_knn,nailong_naiwa_splits\test\naiwa\微信图片_20260616160331_148_26.jpg,naiwa,naiwa,1.0
thumbnail_knn,nailong_naiwa_splits\test\naiwa\微信图片_20260616160332_150_26.jpg,naiwa,naiwa,0.8602100479990454
thumbnail_knn,nailong_naiwa_splits\test\naiwa\微信图片_20260616160333_151_26.jpg,naiwa,naiwa,1.0
thumbnail_knn,nailong_naiwa_splits\test\naiwa\微信图片_20260616160852_160_26.jpg,naiwa,naiwa,1.0
thumbnail_knn,nailong_naiwa_splits\test\naiwa\微信图片_20260616160853_161_26.jpg,naiwa,naiwa,0.8610744058420605
thumbnail_knn,nailong_naiwa_splits\test\naiwa\微信图片_20260616160854_162_26.jpg,naiwa,naiwa,1.0
thumbnail_knn,nailong_naiwa_splits\test\naiwa\微信图片_20260616160859_167_26.jpg,naiwa,naiwa,1.0
thumbnail_knn,nailong_naiwa_splits\test\naiwa\微信图片_20260616160859_168_26.jpg,naiwa,naiwa,0.7297082192091133
color_hist,nailong_naiwa_splits\test\nailong\021697702C6C435DB551A735B36A02ED_17.jpg,nailong,nailong,0.6158406984139421
color_hist,nailong_naiwa_splits\test\nailong\021697702C6C435DB551A735B36A02ED_7.jpg,nailong,nailong,0.6161723837371568
color_hist,nailong_naiwa_splits\test\nailong\1DE97ED1CB84FD526B39E8E7CF218E4A_frame_2.jpg,nailong,nailong,0.5469008191604102
color_hist,nailong_naiwa_splits\test\nailong\2C198DEA57594815C05C1BD61D255EA5_frame_11.jpg,nailong,nailong,0.5432859214605449
color_hist,nailong_naiwa_splits\test\nailong\395ecf964c7fd616acd938ef629ebb7570bf9a9b.png,nailong,naiwa,0.620008923251048
color_hist,nailong_naiwa_splits\test\nailong\4C831D44218F6E50EE3D5283B1E1EB77.jpg,nailong,nailong,0.6141990683168346
color_hist,nailong_naiwa_splits\test\nailong\4C831D44218F6E50EE3D5283B1E1EB77_frame_15.jpg,nailong,nailong,0.6155462041640897
color_hist,nailong_naiwa_splits\test\nailong\7316354D221D4FD835FBF2A2570E3469_frame_11.jpg,nailong,nailong,0.6142235345952001
color_hist,nailong_naiwa_splits\test\nailong\7316354D221D4FD835FBF2A2570E3469_frame_21.jpg,nailong,nailong,0.6163338760514747
color_hist,nailong_naiwa_splits\test\nailong\7316354D221D4FD835FBF2A2570E3469_frame_3.jpg,nailong,nailong,0.616346490811333
color_hist,nailong_naiwa_splits\test\nailong\7AAD4A20E4C9F13F1CE61FE9E455488A_13.jpg,nailong,nailong,0.6040641662629549
color_hist,nailong_naiwa_splits\test\nailong\9438E20ACFD874A710AAFD2290A8C721_frame_20.jpg,nailong,nailong,0.6151132864344605
color_hist,nailong_naiwa_splits\test\nailong\9438E20ACFD874A710AAFD2290A8C721_frame_3.jpg,nailong,nailong,0.5826847241529268
color_hist,nailong_naiwa_splits\test\nailong\A0D428F59C9896CA5D7D498842160724_1.jpg,nailong,nailong,0.6148748082034351
color_hist,nailong_naiwa_splits\test\nailong\A0D428F59C9896CA5D7D498842160724_29.jpg,nailong,nailong,0.5578645781528515
color_hist,nailong_naiwa_splits\test\nailong\A0D428F59C9896CA5D7D498842160724_3.jpg,nailong,nailong,0.6119753221397419
color_hist,nailong_naiwa_splits\test\nailong\C3557AE3A1FF7B1AB4890B182C6AFAF0_frame_6.jpg,nailong,nailong,0.6052548026276026
color_hist,nailong_naiwa_splits\test\nailong\OIP (2).jpg,nailong,nailong,0.5487442389940971
color_hist,nailong_naiwa_splits\test\nailong\OIP (4).jpg,nailong,nailong,0.5492381371219759
color_hist,nailong_naiwa_splits\test\nailong\关于奶龙小七来到废土遇到女神这件事_腾讯视频_75.jpg,nailong,nailong,0.5738641169189005
color_hist,nailong_naiwa_splits\test\naiwa\625e2cd7f56c3f5e991d0bed77ceb8d9bd5f659f.jpg,naiwa,nailong,0.5560708717719192
color_hist,nailong_naiwa_splits\test\naiwa\naiwa_from_nailong_zip_001.jpg,naiwa,naiwa,0.5005198167544997
color_hist,nailong_naiwa_splits\test\naiwa\naiwa_from_nailong_zip_007.jpg,naiwa,naiwa,0.6095142752455434
color_hist,nailong_naiwa_splits\test\naiwa\naiwa_from_nailong_zip_008.jpg,naiwa,nailong,0.5061577566156982
color_hist,nailong_naiwa_splits\test\naiwa\naiwa_from_nailong_zip_017.jpg,naiwa,nailong,0.5394303120690822
color_hist,nailong_naiwa_splits\test\naiwa\naiwa_from_nailong_zip_020.jpg,naiwa,naiwa,0.501086519027729
color_hist,nailong_naiwa_splits\test\naiwa\微信图片_20260616155716_109_26.jpg,naiwa,naiwa,0.6351927262813142
color_hist,nailong_naiwa_splits\test\naiwa\微信图片_20260616155718_111_26.jpg,naiwa,naiwa,0.6196671657049506
color_hist,nailong_naiwa_splits\test\naiwa\微信图片_20260616155722_115_26.jpg,naiwa,nailong,0.5475386367607049
color_hist,nailong_naiwa_splits\test\naiwa\微信图片_20260616155725_117_26.jpg,naiwa,nailong,0.5876690133603614
color_hist,nailong_naiwa_splits\test\naiwa\微信图片_20260616160308_130_26.jpg,naiwa,naiwa,0.600335987338898
color_hist,nailong_naiwa_splits\test\naiwa\微信图片_20260616160312_133_26.jpg,naiwa,naiwa,0.5448617614015492
color_hist,nailong_naiwa_splits\test\naiwa\微信图片_20260616160322_140_26.jpg,naiwa,naiwa,0.6353638493733386
color_hist,nailong_naiwa_splits\test\naiwa\微信图片_20260616160331_148_26.jpg,naiwa,naiwa,0.6010932021884565
color_hist,nailong_naiwa_splits\test\naiwa\微信图片_20260616160332_150_26.jpg,naiwa,naiwa,0.5809070750840094
color_hist,nailong_naiwa_splits\test\naiwa\微信图片_20260616160333_151_26.jpg,naiwa,naiwa,0.6164051351441391
color_hist,nailong_naiwa_splits\test\naiwa\微信图片_20260616160852_160_26.jpg,naiwa,naiwa,0.6105638838032841
color_hist,nailong_naiwa_splits\test\naiwa\微信图片_20260616160853_161_26.jpg,naiwa,naiwa,0.5448617614015492
color_hist,nailong_naiwa_splits\test\naiwa\微信图片_20260616160854_162_26.jpg,naiwa,naiwa,0.6353638493733386
color_hist,nailong_naiwa_splits\test\naiwa\微信图片_20260616160859_167_26.jpg,naiwa,naiwa,0.6183180919832006
color_hist,nailong_naiwa_splits\test\naiwa\微信图片_20260616160859_168_26.jpg,naiwa,naiwa,0.637272173432525
color_mean,nailong_naiwa_splits\test\nailong\021697702C6C435DB551A735B36A02ED_17.jpg,nailong,nailong,0.598276686928035
color_mean,nailong_naiwa_splits\test\nailong\021697702C6C435DB551A735B36A02ED_7.jpg,nailong,nailong,0.5994889939581736
color_mean,nailong_naiwa_splits\test\nailong\1DE97ED1CB84FD526B39E8E7CF218E4A_frame_2.jpg,nailong,naiwa,0.6145560662702872
color_mean,nailong_naiwa_splits\test\nailong\2C198DEA57594815C05C1BD61D255EA5_frame_11.jpg,nailong,nailong,0.5114113408551308
color_mean,nailong_naiwa_splits\test\nailong\395ecf964c7fd616acd938ef629ebb7570bf9a9b.png,nailong,naiwa,0.6346706260515157
color_mean,nailong_naiwa_splits\test\nailong\4C831D44218F6E50EE3D5283B1E1EB77.jpg,nailong,nailong,0.5971836231856078
color_mean,nailong_naiwa_splits\test\nailong\4C831D44218F6E50EE3D5283B1E1EB77_frame_15.jpg,nailong,nailong,0.5980709730763046
color_mean,nailong_naiwa_splits\test\nailong\7316354D221D4FD835FBF2A2570E3469_frame_11.jpg,nailong,nailong,0.5985278723911955
color_mean,nailong_naiwa_splits\test\nailong\7316354D221D4FD835FBF2A2570E3469_frame_21.jpg,nailong,nailong,0.600748940680589
color_mean,nailong_naiwa_splits\test\nailong\7316354D221D4FD835FBF2A2570E3469_frame_3.jpg,nailong,nailong,0.5989221353977776
color_mean,nailong_naiwa_splits\test\nailong\7AAD4A20E4C9F13F1CE61FE9E455488A_13.jpg,nailong,nailong,0.5336132327832585
color_mean,nailong_naiwa_splits\test\nailong\9438E20ACFD874A710AAFD2290A8C721_frame_20.jpg,nailong,nailong,0.6386699389270856
color_mean,nailong_naiwa_splits\test\nailong\9438E20ACFD874A710AAFD2290A8C721_frame_3.jpg,nailong,nailong,0.5532719755679967
color_mean,nailong_naiwa_splits\test\nailong\A0D428F59C9896CA5D7D498842160724_1.jpg,nailong,nailong,0.6470395682683856
color_mean,nailong_naiwa_splits\test\nailong\A0D428F59C9896CA5D7D498842160724_29.jpg,nailong,nailong,0.516264601187687
color_mean,nailong_naiwa_splits\test\nailong\A0D428F59C9896CA5D7D498842160724_3.jpg,nailong,nailong,0.6447410464891072
color_mean,nailong_naiwa_splits\test\nailong\C3557AE3A1FF7B1AB4890B182C6AFAF0_frame_6.jpg,nailong,nailong,0.6163769252704012
color_mean,nailong_naiwa_splits\test\nailong\OIP (2).jpg,nailong,nailong,0.5090478158239906
color_mean,nailong_naiwa_splits\test\nailong\OIP (4).jpg,nailong,nailong,0.5442442821134817
color_mean,nailong_naiwa_splits\test\nailong\关于奶龙小七来到废土遇到女神这件事_腾讯视频_75.jpg,nailong,nailong,0.647283160686229
color_mean,nailong_naiwa_splits\test\naiwa\625e2cd7f56c3f5e991d0bed77ceb8d9bd5f659f.jpg,naiwa,nailong,0.5795015498906294
color_mean,nailong_naiwa_splits\test\naiwa\naiwa_from_nailong_zip_001.jpg,naiwa,nailong,0.6198894387709307
color_mean,nailong_naiwa_splits\test\naiwa\naiwa_from_nailong_zip_007.jpg,naiwa,naiwa,0.6340276972515203
color_mean,nailong_naiwa_splits\test\naiwa\naiwa_from_nailong_zip_008.jpg,naiwa,nailong,0.6251374613678206
color_mean,nailong_naiwa_splits\test\naiwa\naiwa_from_nailong_zip_017.jpg,naiwa,nailong,0.5991044974678172
color_mean,nailong_naiwa_splits\test\naiwa\naiwa_from_nailong_zip_020.jpg,naiwa,nailong,0.6263390915910334
color_mean,nailong_naiwa_splits\test\naiwa\微信图片_20260616155716_109_26.jpg,naiwa,naiwa,0.6391042081368702
color_mean,nailong_naiwa_splits\test\naiwa\微信图片_20260616155718_111_26.jpg,naiwa,naiwa,0.6354501441898192
color_mean,nailong_naiwa_splits\test\naiwa\微信图片_20260616155722_115_26.jpg,naiwa,nailong,0.5706894771185418
color_mean,nailong_naiwa_splits\test\naiwa\微信图片_20260616155725_117_26.jpg,naiwa,nailong,0.6186270610452925
color_mean,nailong_naiwa_splits\test\naiwa\微信图片_20260616160308_130_26.jpg,naiwa,naiwa,0.6091396534350217
color_mean,nailong_naiwa_splits\test\naiwa\微信图片_20260616160312_133_26.jpg,naiwa,naiwa,0.5884663260761877
color_mean,nailong_naiwa_splits\test\naiwa\微信图片_20260616160322_140_26.jpg,naiwa,naiwa,0.6341842797807172
color_mean,nailong_naiwa_splits\test\naiwa\微信图片_20260616160331_148_26.jpg,naiwa,naiwa,0.6252576567136492
color_mean,nailong_naiwa_splits\test\naiwa\微信图片_20260616160332_150_26.jpg,naiwa,naiwa,0.6224360680537737
color_mean,nailong_naiwa_splits\test\naiwa\微信图片_20260616160333_151_26.jpg,naiwa,naiwa,0.6261555924698553
color_mean,nailong_naiwa_splits\test\naiwa\微信图片_20260616160852_160_26.jpg,naiwa,naiwa,0.6313668566802264
color_mean,nailong_naiwa_splits\test\naiwa\微信图片_20260616160853_161_26.jpg,naiwa,naiwa,0.5884663260761877
color_mean,nailong_naiwa_splits\test\naiwa\微信图片_20260616160854_162_26.jpg,naiwa,naiwa,0.6341842797807172
color_mean,nailong_naiwa_splits\test\naiwa\微信图片_20260616160859_167_26.jpg,naiwa,naiwa,0.6333839997418144
color_mean,nailong_naiwa_splits\test\naiwa\微信图片_20260616160859_168_26.jpg,naiwa,naiwa,0.5842531993252019
edge_hist,nailong_naiwa_splits\test\nailong\021697702C6C435DB551A735B36A02ED_17.jpg,nailong,naiwa,0.5423385191791625
edge_hist,nailong_naiwa_splits\test\nailong\021697702C6C435DB551A735B36A02ED_7.jpg,nailong,naiwa,0.5384263076869986
edge_hist,nailong_naiwa_splits\test\nailong\1DE97ED1CB84FD526B39E8E7CF218E4A_frame_2.jpg,nailong,naiwa,0.5142491196412036
edge_hist,nailong_naiwa_splits\test\nailong\2C198DEA57594815C05C1BD61D255EA5_frame_11.jpg,nailong,naiwa,0.5498991786518637
edge_hist,nailong_naiwa_splits\test\nailong\395ecf964c7fd616acd938ef629ebb7570bf9a9b.png,nailong,naiwa,0.5491359734830883
edge_hist,nailong_naiwa_splits\test\nailong\4C831D44218F6E50EE3D5283B1E1EB77.jpg,nailong,naiwa,0.5435658935604496
edge_hist,nailong_naiwa_splits\test\nailong\4C831D44218F6E50EE3D5283B1E1EB77_frame_15.jpg,nailong,naiwa,0.5434180743086292
edge_hist,nailong_naiwa_splits\test\nailong\7316354D221D4FD835FBF2A2570E3469_frame_11.jpg,nailong,nailong,0.5505512788940286
edge_hist,nailong_naiwa_splits\test\nailong\7316354D221D4FD835FBF2A2570E3469_frame_21.jpg,nailong,nailong,0.5505828596702852
edge_hist,nailong_naiwa_splits\test\nailong\7316354D221D4FD835FBF2A2570E3469_frame_3.jpg,nailong,nailong,0.5502908838480819
edge_hist,nailong_naiwa_splits\test\nailong\7AAD4A20E4C9F13F1CE61FE9E455488A_13.jpg,nailong,naiwa,0.5238117459028258
edge_hist,nailong_naiwa_splits\test\nailong\9438E20ACFD874A710AAFD2290A8C721_frame_20.jpg,nailong,nailong,0.5520640024709119
edge_hist,nailong_naiwa_splits\test\nailong\9438E20ACFD874A710AAFD2290A8C721_frame_3.jpg,nailong,nailong,0.5514978791153319
edge_hist,nailong_naiwa_splits\test\nailong\A0D428F59C9896CA5D7D498842160724_1.jpg,nailong,nailong,0.5505867597190945
edge_hist,nailong_naiwa_splits\test\nailong\A0D428F59C9896CA5D7D498842160724_29.jpg,nailong,nailong,0.551425463304544
edge_hist,nailong_naiwa_splits\test\nailong\A0D428F59C9896CA5D7D498842160724_3.jpg,nailong,nailong,0.5507182313344426
edge_hist,nailong_naiwa_splits\test\nailong\C3557AE3A1FF7B1AB4890B182C6AFAF0_frame_6.jpg,nailong,nailong,0.5509258405738167
edge_hist,nailong_naiwa_splits\test\nailong\OIP (2).jpg,nailong,naiwa,0.5497352858308805
edge_hist,nailong_naiwa_splits\test\nailong\OIP (4).jpg,nailong,naiwa,0.5408272023992469
edge_hist,nailong_naiwa_splits\test\nailong\关于奶龙小七来到废土遇到女神这件事_腾讯视频_75.jpg,nailong,naiwa,0.5504575947815716
edge_hist,nailong_naiwa_splits\test\naiwa\625e2cd7f56c3f5e991d0bed77ceb8d9bd5f659f.jpg,naiwa,nailong,0.5492345440341861
edge_hist,nailong_naiwa_splits\test\naiwa\naiwa_from_nailong_zip_001.jpg,naiwa,nailong,0.550675404867834
edge_hist,nailong_naiwa_splits\test\naiwa\naiwa_from_nailong_zip_007.jpg,naiwa,naiwa,0.551364915140661
edge_hist,nailong_naiwa_splits\test\naiwa\naiwa_from_nailong_zip_008.jpg,naiwa,nailong,0.55124638187667
edge_hist,nailong_naiwa_splits\test\naiwa\naiwa_from_nailong_zip_017.jpg,naiwa,naiwa,0.5461425675204516
edge_hist,nailong_naiwa_splits\test\naiwa\naiwa_from_nailong_zip_020.jpg,naiwa,nailong,0.5515290292080912
edge_hist,nailong_naiwa_splits\test\naiwa\微信图片_20260616155716_109_26.jpg,naiwa,naiwa,0.5517069867337031
edge_hist,nailong_naiwa_splits\test\naiwa\微信图片_20260616155718_111_26.jpg,naiwa,naiwa,0.5509996657707259
edge_hist,nailong_naiwa_splits\test\naiwa\微信图片_20260616155722_115_26.jpg,naiwa,nailong,0.5505725949875947
edge_hist,nailong_naiwa_splits\test\naiwa\微信图片_20260616155725_117_26.jpg,naiwa,nailong,0.5498598753741057
edge_hist,nailong_naiwa_splits\test\naiwa\微信图片_20260616160308_130_26.jpg,naiwa,naiwa,0.5509576866277369
edge_hist,nailong_naiwa_splits\test\naiwa\微信图片_20260616160312_133_26.jpg,naiwa,naiwa,0.5519451965929077
edge_hist,nailong_naiwa_splits\test\naiwa\微信图片_20260616160322_140_26.jpg,naiwa,naiwa,0.5510171427362043
edge_hist,nailong_naiwa_splits\test\naiwa\微信图片_20260616160331_148_26.jpg,naiwa,naiwa,0.551716282022307
edge_hist,nailong_naiwa_splits\test\naiwa\微信图片_20260616160332_150_26.jpg,naiwa,naiwa,0.5392187361394839
edge_hist,nailong_naiwa_splits\test\naiwa\微信图片_20260616160333_151_26.jpg,naiwa,naiwa,0.5502804959303897
edge_hist,nailong_naiwa_splits\test\naiwa\微信图片_20260616160852_160_26.jpg,naiwa,naiwa,0.5517417167879795
edge_hist,nailong_naiwa_splits\test\naiwa\微信图片_20260616160853_161_26.jpg,naiwa,naiwa,0.5519451965929077
edge_hist,nailong_naiwa_splits\test\naiwa\微信图片_20260616160854_162_26.jpg,naiwa,naiwa,0.5510171427362043
edge_hist,nailong_naiwa_splits\test\naiwa\微信图片_20260616160859_167_26.jpg,naiwa,naiwa,0.5510793220232513
edge_hist,nailong_naiwa_splits\test\naiwa\微信图片_20260616160859_168_26.jpg,naiwa,naiwa,0.5515121718217163
cnn:nailong_naiwa_cnn.pt,nailong_naiwa_splits\test\nailong\021697702C6C435DB551A735B36A02ED_17.jpg,nailong,nailong,0.568972647190094
cnn:nailong_naiwa_cnn.pt,nailong_naiwa_splits\test\nailong\021697702C6C435DB551A735B36A02ED_7.jpg,nailong,nailong,0.5698931813240051
cnn:nailong_naiwa_cnn.pt,nailong_naiwa_splits\test\nailong\1DE97ED1CB84FD526B39E8E7CF218E4A_frame_2.jpg,nailong,nailong,0.9067928194999695
cnn:nailong_naiwa_cnn.pt,nailong_naiwa_splits\test\nailong\2C198DEA57594815C05C1BD61D255EA5_frame_11.jpg,nailong,nailong,0.656446099281311
cnn:nailong_naiwa_cnn.pt,nailong_naiwa_splits\test\nailong\395ecf964c7fd616acd938ef629ebb7570bf9a9b.png,nailong,nailong,0.9129084348678589
cnn:nailong_naiwa_cnn.pt,nailong_naiwa_splits\test\nailong\4C831D44218F6E50EE3D5283B1E1EB77.jpg,nailong,nailong,0.5760177373886108
cnn:nailong_naiwa_cnn.pt,nailong_naiwa_splits\test\nailong\4C831D44218F6E50EE3D5283B1E1EB77_frame_15.jpg,nailong,nailong,0.5770536661148071
cnn:nailong_naiwa_cnn.pt,nailong_naiwa_splits\test\nailong\7316354D221D4FD835FBF2A2570E3469_frame_11.jpg,nailong,naiwa,0.9589141607284546
cnn:nailong_naiwa_cnn.pt,nailong_naiwa_splits\test\nailong\7316354D221D4FD835FBF2A2570E3469_frame_21.jpg,nailong,naiwa,0.9496200084686279
cnn:nailong_naiwa_cnn.pt,nailong_naiwa_splits\test\nailong\7316354D221D4FD835FBF2A2570E3469_frame_3.jpg,nailong,naiwa,0.9534470438957214
cnn:nailong_naiwa_cnn.pt,nailong_naiwa_splits\test\nailong\7AAD4A20E4C9F13F1CE61FE9E455488A_13.jpg,nailong,nailong,0.7075768709182739
cnn:nailong_naiwa_cnn.pt,nailong_naiwa_splits\test\nailong\9438E20ACFD874A710AAFD2290A8C721_frame_20.jpg,nailong,nailong,0.5229840874671936
cnn:nailong_naiwa_cnn.pt,nailong_naiwa_splits\test\nailong\9438E20ACFD874A710AAFD2290A8C721_frame_3.jpg,nailong,naiwa,0.524848461151123
cnn:nailong_naiwa_cnn.pt,nailong_naiwa_splits\test\nailong\A0D428F59C9896CA5D7D498842160724_1.jpg,nailong,naiwa,0.7460320591926575
cnn:nailong_naiwa_cnn.pt,nailong_naiwa_splits\test\nailong\A0D428F59C9896CA5D7D498842160724_29.jpg,nailong,naiwa,0.9998704195022583
cnn:nailong_naiwa_cnn.pt,nailong_naiwa_splits\test\nailong\A0D428F59C9896CA5D7D498842160724_3.jpg,nailong,naiwa,0.7214535474777222
cnn:nailong_naiwa_cnn.pt,nailong_naiwa_splits\test\nailong\C3557AE3A1FF7B1AB4890B182C6AFAF0_frame_6.jpg,nailong,nailong,0.7008073329925537
cnn:nailong_naiwa_cnn.pt,nailong_naiwa_splits\test\nailong\OIP (2).jpg,nailong,nailong,0.7749406099319458
cnn:nailong_naiwa_cnn.pt,nailong_naiwa_splits\test\nailong\OIP (4).jpg,nailong,nailong,0.6267191171646118
cnn:nailong_naiwa_cnn.pt,nailong_naiwa_splits\test\nailong\关于奶龙小七来到废土遇到女神这件事_腾讯视频_75.jpg,nailong,naiwa,0.8765785694122314
cnn:nailong_naiwa_cnn.pt,nailong_naiwa_splits\test\naiwa\625e2cd7f56c3f5e991d0bed77ceb8d9bd5f659f.jpg,naiwa,naiwa,0.9837921857833862
cnn:nailong_naiwa_cnn.pt,nailong_naiwa_splits\test\naiwa\naiwa_from_nailong_zip_001.jpg,naiwa,naiwa,0.9973917007446289
cnn:nailong_naiwa_cnn.pt,nailong_naiwa_splits\test\naiwa\naiwa_from_nailong_zip_007.jpg,naiwa,nailong,0.782526433467865
cnn:nailong_naiwa_cnn.pt,nailong_naiwa_splits\test\naiwa\naiwa_from_nailong_zip_008.jpg,naiwa,naiwa,0.9843391180038452
cnn:nailong_naiwa_cnn.pt,nailong_naiwa_splits\test\naiwa\naiwa_from_nailong_zip_017.jpg,naiwa,naiwa,0.9985299110412598
cnn:nailong_naiwa_cnn.pt,nailong_naiwa_splits\test\naiwa\naiwa_from_nailong_zip_020.jpg,naiwa,naiwa,0.9727243185043335
cnn:nailong_naiwa_cnn.pt,nailong_naiwa_splits\test\naiwa\微信图片_20260616155716_109_26.jpg,naiwa,nailong,0.8837737441062927
cnn:nailong_naiwa_cnn.pt,nailong_naiwa_splits\test\naiwa\微信图片_20260616155718_111_26.jpg,naiwa,nailong,0.9416294097900391
cnn:nailong_naiwa_cnn.pt,nailong_naiwa_splits\test\naiwa\微信图片_20260616155722_115_26.jpg,naiwa,nailong,0.6289283037185669
cnn:nailong_naiwa_cnn.pt,nailong_naiwa_splits\test\naiwa\微信图片_20260616155725_117_26.jpg,naiwa,naiwa,0.9331120252609253
cnn:nailong_naiwa_cnn.pt,nailong_naiwa_splits\test\naiwa\微信图片_20260616160308_130_26.jpg,naiwa,nailong,0.8942222595214844
cnn:nailong_naiwa_cnn.pt,nailong_naiwa_splits\test\naiwa\微信图片_20260616160312_133_26.jpg,naiwa,nailong,0.8442345261573792
cnn:nailong_naiwa_cnn.pt,nailong_naiwa_splits\test\naiwa\微信图片_20260616160322_140_26.jpg,naiwa,nailong,0.825631856918335
cnn:nailong_naiwa_cnn.pt,nailong_naiwa_splits\test\naiwa\微信图片_20260616160331_148_26.jpg,naiwa,nailong,0.8638315200805664
cnn:nailong_naiwa_cnn.pt,nailong_naiwa_splits\test\naiwa\微信图片_20260616160332_150_26.jpg,naiwa,nailong,0.8740521669387817
cnn:nailong_naiwa_cnn.pt,nailong_naiwa_splits\test\naiwa\微信图片_20260616160333_151_26.jpg,naiwa,nailong,0.8591007590293884
cnn:nailong_naiwa_cnn.pt,nailong_naiwa_splits\test\naiwa\微信图片_20260616160852_160_26.jpg,naiwa,nailong,0.8707922101020813
cnn:nailong_naiwa_cnn.pt,nailong_naiwa_splits\test\naiwa\微信图片_20260616160853_161_26.jpg,naiwa,nailong,0.8442345261573792
cnn:nailong_naiwa_cnn.pt,nailong_naiwa_splits\test\naiwa\微信图片_20260616160854_162_26.jpg,naiwa,nailong,0.825631856918335
cnn:nailong_naiwa_cnn.pt,nailong_naiwa_splits\test\naiwa\微信图片_20260616160859_167_26.jpg,naiwa,nailong,0.9514434933662415
cnn:nailong_naiwa_cnn.pt,nailong_naiwa_splits\test\naiwa\微信图片_20260616160859_168_26.jpg,naiwa,naiwa,0.9776606559753418
cnn:nailong_naiwa_split_cnn.pt,nailong_naiwa_splits\test\nailong\021697702C6C435DB551A735B36A02ED_17.jpg,nailong,nailong,0.5272933840751648
cnn:nailong_naiwa_split_cnn.pt,nailong_naiwa_splits\test\nailong\021697702C6C435DB551A735B36A02ED_7.jpg,nailong,nailong,0.5294217467308044
cnn:nailong_naiwa_split_cnn.pt,nailong_naiwa_splits\test\nailong\1DE97ED1CB84FD526B39E8E7CF218E4A_frame_2.jpg,nailong,nailong,0.7221126556396484
cnn:nailong_naiwa_split_cnn.pt,nailong_naiwa_splits\test\nailong\2C198DEA57594815C05C1BD61D255EA5_frame_11.jpg,nailong,nailong,0.6404662728309631
cnn:nailong_naiwa_split_cnn.pt,nailong_naiwa_splits\test\nailong\395ecf964c7fd616acd938ef629ebb7570bf9a9b.png,nailong,nailong,0.970173180103302
cnn:nailong_naiwa_split_cnn.pt,nailong_naiwa_splits\test\nailong\4C831D44218F6E50EE3D5283B1E1EB77.jpg,nailong,nailong,0.5319080352783203
cnn:nailong_naiwa_split_cnn.pt,nailong_naiwa_splits\test\nailong\4C831D44218F6E50EE3D5283B1E1EB77_frame_15.jpg,nailong,nailong,0.5352423191070557
cnn:nailong_naiwa_split_cnn.pt,nailong_naiwa_splits\test\nailong\7316354D221D4FD835FBF2A2570E3469_frame_11.jpg,nailong,naiwa,0.9768226146697998
cnn:nailong_naiwa_split_cnn.pt,nailong_naiwa_splits\test\nailong\7316354D221D4FD835FBF2A2570E3469_frame_21.jpg,nailong,naiwa,0.9688378572463989
cnn:nailong_naiwa_split_cnn.pt,nailong_naiwa_splits\test\nailong\7316354D221D4FD835FBF2A2570E3469_frame_3.jpg,nailong,naiwa,0.974317193031311
cnn:nailong_naiwa_split_cnn.pt,nailong_naiwa_splits\test\nailong\7AAD4A20E4C9F13F1CE61FE9E455488A_13.jpg,nailong,nailong,0.7475364208221436
cnn:nailong_naiwa_split_cnn.pt,nailong_naiwa_splits\test\nailong\9438E20ACFD874A710AAFD2290A8C721_frame_20.jpg,nailong,naiwa,0.5632102489471436
cnn:nailong_naiwa_split_cnn.pt,nailong_naiwa_splits\test\nailong\9438E20ACFD874A710AAFD2290A8C721_frame_3.jpg,nailong,naiwa,0.6797738671302795
cnn:nailong_naiwa_split_cnn.pt,nailong_naiwa_splits\test\nailong\A0D428F59C9896CA5D7D498842160724_1.jpg,nailong,naiwa,0.6281353235244751
cnn:nailong_naiwa_split_cnn.pt,nailong_naiwa_splits\test\nailong\A0D428F59C9896CA5D7D498842160724_29.jpg,nailong,naiwa,0.9999357461929321
cnn:nailong_naiwa_split_cnn.pt,nailong_naiwa_splits\test\nailong\A0D428F59C9896CA5D7D498842160724_3.jpg,nailong,naiwa,0.6032031178474426
cnn:nailong_naiwa_split_cnn.pt,nailong_naiwa_splits\test\nailong\C3557AE3A1FF7B1AB4890B182C6AFAF0_frame_6.jpg,nailong,nailong,0.6816691160202026
cnn:nailong_naiwa_split_cnn.pt,nailong_naiwa_splits\test\nailong\OIP (2).jpg,nailong,nailong,0.7155703902244568
cnn:nailong_naiwa_split_cnn.pt,nailong_naiwa_splits\test\nailong\OIP (4).jpg,nailong,nailong,0.6120919585227966
cnn:nailong_naiwa_split_cnn.pt,nailong_naiwa_splits\test\nailong\关于奶龙小七来到废土遇到女神这件事_腾讯视频_75.jpg,nailong,naiwa,0.7773235440254211
cnn:nailong_naiwa_split_cnn.pt,nailong_naiwa_splits\test\naiwa\625e2cd7f56c3f5e991d0bed77ceb8d9bd5f659f.jpg,naiwa,naiwa,0.977782130241394
cnn:nailong_naiwa_split_cnn.pt,nailong_naiwa_splits\test\naiwa\naiwa_from_nailong_zip_001.jpg,naiwa,naiwa,0.9966378211975098
cnn:nailong_naiwa_split_cnn.pt,nailong_naiwa_splits\test\naiwa\naiwa_from_nailong_zip_007.jpg,naiwa,nailong,0.9019994735717773
cnn:nailong_naiwa_split_cnn.pt,nailong_naiwa_splits\test\naiwa\naiwa_from_nailong_zip_008.jpg,naiwa,naiwa,0.9463194608688354
cnn:nailong_naiwa_split_cnn.pt,nailong_naiwa_splits\test\naiwa\naiwa_from_nailong_zip_017.jpg,naiwa,naiwa,0.9991224408149719
cnn:nailong_naiwa_split_cnn.pt,nailong_naiwa_splits\test\naiwa\naiwa_from_nailong_zip_020.jpg,naiwa,naiwa,0.9325181841850281
cnn:nailong_naiwa_split_cnn.pt,nailong_naiwa_splits\test\naiwa\微信图片_20260616155716_109_26.jpg,naiwa,nailong,0.9757699966430664
cnn:nailong_naiwa_split_cnn.pt,nailong_naiwa_splits\test\naiwa\微信图片_20260616155718_111_26.jpg,naiwa,nailong,0.9709798097610474
cnn:nailong_naiwa_split_cnn.pt,nailong_naiwa_splits\test\naiwa\微信图片_20260616155722_115_26.jpg,naiwa,nailong,0.678641676902771
cnn:nailong_naiwa_split_cnn.pt,nailong_naiwa_splits\test\naiwa\微信图片_20260616155725_117_26.jpg,naiwa,naiwa,0.8592698574066162
cnn:nailong_naiwa_split_cnn.pt,nailong_naiwa_splits\test\naiwa\微信图片_20260616160308_130_26.jpg,naiwa,nailong,0.9035354256629944
cnn:nailong_naiwa_split_cnn.pt,nailong_naiwa_splits\test\naiwa\微信图片_20260616160312_133_26.jpg,naiwa,nailong,0.8702453374862671
cnn:nailong_naiwa_split_cnn.pt,nailong_naiwa_splits\test\naiwa\微信图片_20260616160322_140_26.jpg,naiwa,nailong,0.9629467129707336
cnn:nailong_naiwa_split_cnn.pt,nailong_naiwa_splits\test\naiwa\微信图片_20260616160331_148_26.jpg,naiwa,nailong,0.9131326079368591
cnn:nailong_naiwa_split_cnn.pt,nailong_naiwa_splits\test\naiwa\微信图片_20260616160332_150_26.jpg,naiwa,nailong,0.8748840689659119
cnn:nailong_naiwa_split_cnn.pt,nailong_naiwa_splits\test\naiwa\微信图片_20260616160333_151_26.jpg,naiwa,nailong,0.9442862272262573
cnn:nailong_naiwa_split_cnn.pt,nailong_naiwa_splits\test\naiwa\微信图片_20260616160852_160_26.jpg,naiwa,nailong,0.9409608840942383
cnn:nailong_naiwa_split_cnn.pt,nailong_naiwa_splits\test\naiwa\微信图片_20260616160853_161_26.jpg,naiwa,nailong,0.8702453374862671
cnn:nailong_naiwa_split_cnn.pt,nailong_naiwa_splits\test\naiwa\微信图片_20260616160854_162_26.jpg,naiwa,nailong,0.9629467129707336
cnn:nailong_naiwa_split_cnn.pt,nailong_naiwa_splits\test\naiwa\微信图片_20260616160859_167_26.jpg,naiwa,nailong,0.9713151454925537
cnn:nailong_naiwa_split_cnn.pt,nailong_naiwa_splits\test\naiwa\微信图片_20260616160859_168_26.jpg,naiwa,naiwa,0.9374955296516418
